from matters,-0.15000000000000568
of war,-0.15000000000000568
of a Supreme Court Justice is the most important decision,-0.15000000000000568
For this reason,-0.15000000000000568
for President owe the American people,-0.15000000000000568
of individuals,-0.15000000000000568
of highly qualified candidates,-0.15000000000000568
from them from among those names,-0.060000000000002274
after my inauguration,-0.060000000000002274
that promise,-0.060000000000002274
By the end,-0.060000000000002274
of my first term,-0.060000000000002274
of federal judges,0.030000000000001137
for the impartial rule,0.030000000000001137
of law,0.030000000000001137
from all over the world,0.030000000000001137
on this sacred principle,0.030000000000001137
of our society,0.01999999999999602
in history,0.01999999999999602
that rejects thl speech,0.01999999999999602
of American jobs,-0.08010000000000161
for the most depraved mass,-0.08010000000000161
In the recent past,0.009999999999990905
of our most treasured freedoms,0.009999999999990905
by a single vote,0.009999999999990905
at risk,0.009999999999990905
Over the next four years,0.010000000000005116
of federal judges,0.010000000000005116
in all likelihood,0.010000000000005116
whether we hold fast to our nation,0.010000000000005116
of candidates,-0.0799999999999983
on the Supreme Court during my presidency,-0.0799999999999983
from the names,-0.0799999999999983
with the American public,-0.0799999999999983
because he knows the names,-0.0799999999999983
that they could never withstand public scrutiny,0.01999999999999602
of justices,0.01999999999999602
for people,0.01999999999999602
of potential justices,0.01999999999999602
of our nation,0.01999999999999602
Like those distinguished individuals,0.10999999999999943
of these individuals,-0.1700000000000017
for citizens,-0.030000000000001137
of every race,-0.030000000000001137
of life,-0.030000000000001137
on the judges,-0.030000000000001137
On the judges,-0.030000000000001137
that Joe Biden put up potential nominees,0.19190000000000396
for our country,0.19190000000000396
from the Woodward book,0.19190000000000396
in regards,0.19190000000000396
whether did you mislead the public,0.19190000000000396
that you repeatedly did that in order,0.05000000000001137
for this country,0.05000000000001137
into a frenzy,0.04999999999999716
as a nation,0.04999999999999716
from any standard,0.04999999999999716
at our numbers,0.04999999999999716
of the world,0.04999999999999716
in many respects,0.0799999999999983
because the incredible individuals,0.0799999999999983
by the news,0.0799999999999983
for the job,0.0799999999999983
with vaccines,0.0799999999999983
with therapeutics,-0.10990000000001032
that we have a problem,-0.10990000000001032
over the world,0.030000000000001137
in that sense,-0.030000000000001137
of trust,-0.030000000000001137
in the country,-0.11999999999999034
of panic,-0.010000000000005116
than trying to reduce the panics,0.009999999999990905
if you were more forthright with the American people,0.009999999999990905
"at all for some of the 200,000 deaths",0.009999999999990905
of people,0.07000000000000739
about this horrible disease,0.07000000000000739
along with the rest,0.07000000000000739
from every standpoint,0.07000000000000739
from going into the remainder,-0.060000000000002274
from coming to our country,-0.060000000000002274
in the book,-0.060000000000002274
that I gave him some quotes,0.009999999999990905
for the first time,0.009999999999990905
of the situation,0.009999999999990905
before anybody,0.009999999999990905
of thousands,0.009999999999990905
that a lot,0.009999999999990905
of people,0.009999999999990905
Otherwise we would have had hundreds,-0.09999999999999432
about millions,-0.09999999999999432
of people,-0.09999999999999432
of the numbers,-0.09999999999999432
that you were trying to avoid price,0.060000000000002274
that you recognize this virus,0.060000000000002274
through the year,0.060000000000002274
of a sudden the world,0.1600000000000108
around looking where to buy face,0.1600000000000108
of the other things,0.1600000000000108
with face,0.1600000000000108
with shields,0.1600000000000108
with the ventilators,0.1600000000000108
like hadn,0.02790000000000248
,-0.15000000000000568
,-0.15000000000000568
,-0.15000000000000568
about confidence,0.12040000000000362
,-0.15000000000000568
,-0.15000000000000568
in our country,0.12040000000000362
,-0.15000000000000568
through a lot,0.12040000000000362
through a lot,0.12040000000000362
,-0.15000000000000568
,-0.15000000000000568
of 20 incredible people,-0.09000000000000341
,-0.15000000000000568
in the day,-0.09000000000000341
,-0.15000000000000568
in Winston Salem with thousands,-0.13000000000000966
of loyal,-0.13000000000000966
beyond what we had in terms,-0.13000000000000966
of enthusiasm,-0.13000000000000966
beyond what we had four years,-0.13000000000000966
that record,0.09000000000000341
by a lot,0.09000000000000341
with the fake news,0.21999999999999886
for our country,0.21999999999999886
into endless foreign wars,0.010000000000005116
along with some of his other friends,0.010000000000005116
If Biden wins,0.010000000000005116
in the history,0.010000000000005116
of the world,0.010000000000005116
because of the China plague,0.010000000000005116
by the way,-0.01999999999999602
for political reasons,0.030000000000001137
for political reasons,0.030000000000001137
by hurting the economy,0.030000000000001137
by keeping all these store,0.030000000000001137
in shops,0.030000000000001137
So we had the greatest economy,0.13000000000000966
by the way,0.13000000000000966
before the election,0.07000000000000739
of the greatest years,0.07000000000000739
in the history,0.07000000000000739
of a country,0.07000000000000739
unless the wrong person,0.07000000000000739
if Biden wins the violent,-0.21000000000000796
over the place,-0.21000000000000796
that food,-0.21000000000000796
over 50 people,-0.15000000000000568
of Oregon the other day,0.03999999999999204
in less than a half,0.03999999999999204
in to take care,0.03999999999999204
of that one guy,0.03999999999999204
in the middle,0.03999999999999204
of the street,0.19999999999998863
in about 15 minutes,0.19999999999998863
of these places,0.19999999999998863
Because this is not like a second place,-0.060000000000002274
for reelection,-0.20999999999999375
at home,-0.20999999999999375
behind bars,-0.20999999999999375
from day,0.04999999999999716
In fact,0.0799999999999983
so we took another two months,0.0799999999999983
in the history,-0.060000000000002274
of the world,-0.060000000000002274
on track,-0.060000000000002274
of the history,-0.030000000000001137
of your state,-0.030000000000001137
in the history,-0.030000000000001137
of our country,-0.030000000000001137
in the history,-0.030000000000001137
of your state,-0.030000000000001137
if your governor,-0.030000000000001137
if sleepy Joe Biden takes power,-0.14749999999999375
in a depression,-0.14749999999999375
whether we allow the same left wing extremists,-0.10999999999999943
of government,-0.10999999999999943
for 10 years,-0.14999999999999147
through the process,-0.14999999999999147
If our foreign adversaries,0.10999999999999943
like a free fall,0.04999999999999716
on American energy,-0.12999999999999545
of your second amendment,-0.12999999999999545
in the suburbs,0.0899999999999892
with women,0.0899999999999892
that one of the greatest evenings,-0.11999999999999034
of the things,-0.11999999999999034
with women,-0.0799999999999983
that the craziest,-0.0799999999999983
that dress,-0.010000000000005116
through the middle,-0.010000000000005116
of the United States economy,-0.010000000000005116
if the experts,0.0899999999999892
about the disease,0.0899999999999892
of lives,0.0899999999999892
of lives,0.0899999999999892
of thousands,0.0899999999999892
of lives,0.0899999999999892
of national greatness,-0.20000000000000284
of truth,0.0799999999999983
about a limp,-0.23000000000000398
at last time,-0.030000000000001137
if the shoe,-0.030000000000001137
on the other foot,0.030000000000001137
if it was on the other foot,0.030000000000001137
in jail,0.030000000000001137
for two years,0.030000000000001137
for 50 years,0.030000000000001137
because they got caught spying on our campaign,0.030000000000001137
in the room,-0.04000000000000625
through for years,-0.04000000000000625
in jail,-0.04000000000000625
for 47 years,-0.23000000000000398
After 47 years,0.12000000000000455
of heart,0.12000000000000455
So the difference,0.12000000000000455
in prime time,-0.21999999999999886
in exchange,-0.21999999999999886
for his party,-0.21999999999999886
of the radical left,0.07000000000000739
by the way,0.07000000000000739
of interesting that they picked her because in theory,0.07000000000000739
in the polls,-0.13000000000000966
of a fight,0.3400000000000034
of people,0.3400000000000034
by their contempt,-0.010000000000005116
for the American middle class,-0.010000000000005116
in the truest sense,-0.010000000000005116
over the law,0.04000000000000625
over the weekend,0.04000000000000625
through the roof,0.22999999999998977
in certain categories,0.22999999999998977
on the rioters,0.22999999999998977
through a Democrat run,0.22999999999998977
as peaceful protesters,0.22999999999998977
Because they have rules,0.14459999999999695
in these Democrat run states,0.14459999999999695
than five people,0.14459999999999695
than five people,0.14459999999999695
in your house,0.010000000000005116
on top,0.010000000000005116
so we decided to call all our rallies,0.010000000000005116
of standing up to the far left rioters,-0.030000000000001137
in the meantime,-0.20000000000000284
at these streets,-0.20000000000000284
that okay,-0.20000000000000284
” We want law,-0.20000000000000284
with his relentless,0.10999999999999943
that America is racist,0.10999999999999943
By the way,0.10999999999999943
of almost every police,0.10999999999999943
in the country,0.10999999999999943
over the country,0.10999999999999943
like a rock,-0.18999999999999773
that party,-0.18999999999999773
with the left,-0.01999999999999602
about the thousands,-0.01999999999999602
of African-Americans,-0.01999999999999602
as a result,-0.01999999999999602
of violent,-0.01999999999999602
by the thousands,-0.01999999999999602
with the hardworking patriots,0.08499999999999375
of all backgrounds,0.08499999999999375
of your government,0.08499999999999375
at the D.C. report,-0.0589999999999975
by the way,0.020000000000010232
By the way,0.020000000000010232
of unsolicited ballots,0.020000000000010232
of others,-0.1700000000000017
of ballots,-0.1700000000000017
in terms,-0.13000000000000966
for a ballot,-0.1700000000000017
of unsolicited ballots,0.030000000000001137
Because the only way,0.030000000000001137
by doing very bad things,0.030000000000001137
If he had 200 people,-0.1700000000000017
with the circles,-0.1700000000000017
If he had 200 people,-0.13000000000000966
as the eye,-0.13000000000000966
in the middle,-0.13000000000000966
of an airport,-0.13000000000000966
So we go to the arenas,0.09000000000000341
for a while,0.09000000000000341
because of that … So we said where because we have the same crowds,0.09000000000000341
at an airport,0.21999999999999886
than being inside according to the great doctors,0.21999999999999886
that these crowds,0.010000000000005116
than they were four years,0.010000000000005116
with thousands,-0.13000000000000966
of people,-0.01999999999999602
as the plane,-0.01999999999999602
over the country,-0.01999999999999602
than we had four years,-0.01999999999999602
because four years,-0.01999999999999602
of your vets,-0.04000000000000625
For instance,-0.04000000000000625
of you were at various rallies,0.030000000000001137
about space,0.030000000000001137
that one out after I became president,0.030000000000001137
for the builders,0.07000000000000739
among the safest borders,0.07000000000000739
for the wall,-0.21000000000000796
at the border,-0.21000000000000796
in the world,-0.21000000000000796
in terms,-0.1700000000000017
of people,-0.21000000000000796
of industry,-0.21000000000000796
with remittance,-0.15000000000000568
that we spent on the wall,-0.15000000000000568
if they fight us on the wall,0.03999999999999204
In fact,0.03999999999999204
along our southern border,0.03999999999999204
from people,0.03999999999999204
on their products,0.19999999999998863
of mine,0.19999999999998863
for every single thing,-0.060000000000002274
so you can watch everybody,-0.060000000000002274
in to our country,-0.060000000000002274
of releasing rioters,-0.20999999999999375
without charge,-0.20999999999999375
about …,-0.20999999999999375
of Bernie voters,0.0799999999999983
because they agree with me on trade,0.0799999999999983
that many of these countries,0.0799999999999983
on trade,0.0799999999999983
of Bernie people,-0.060000000000002274
for me instead of Crooked Hillary which was a very nice thing,-0.060000000000002274
in billions,-0.030000000000001137
of dollars,-0.030000000000001137
… We signed a great trade,-0.030000000000001137
of corn,-0.14749999999999375
in history,-0.14749999999999375
of soybeans,-0.14749999999999375
in history,-0.14749999999999375
of corn,0.18499999999998806
of beef,0.18499999999998806
of soybeans,0.18499999999998806
out of the tariffs,0.18499999999998806
of billions,0.18499999999998806
of dollars,0.18499999999998806
for 10 minutes,-0.10999999999999943
with the father,-0.10999999999999943
on November 3 America faces a very simple choice,-0.14999999999999147
for the candidate,-0.14999999999999147
by violent,-0.14999999999999147
for the candidate,-0.14999999999999147
by the selfless,-0.14999999999999147
of law,-0.14999999999999147
about everybody,-0.14999999999999147
of a poll,0.10999999999999943
of the people,0.10999999999999943
of weeks,0.10999999999999943
In other words,0.10999999999999943
by some really great friends,0.04999999999999716
of mine,-0.12999999999999545
in office,-0.12999999999999545
by my side,-0.12999999999999545
for making a phone,0.0899999999999892
in history,0.0899999999999892
that got impeached for making an absolutely perfect phone,0.0899999999999892
because they totally misrepresented what was on the calla,-0.11999999999999034
for word,-0.11999999999999034
with these people,-0.0799999999999983
if you want to know the truth,-0.0799999999999983
of a half,-0.0799999999999983
So it was 52.5 to a half,-0.010000000000005116
that guy,-0.010000000000005116
before the election,-0.010000000000005116
by a lot,0.0899999999999892
for another six years,-0.20000000000000284
if this governor,-0.20000000000000284
in the arena,0.0799999999999983
because it said one room,0.0799999999999983
that your state,0.0799999999999983
if this guy,0.0799999999999983
at these crowds,0.010000000000005116
,-0.1700000000000017
of stock,-0.09001000000000658
in 36 years,-0.09001000000000658
with the stocks,-0.09001000000000658
in 36 years,-0.09001000000000658
with a brief update,-0.09001000000000658
on the China virus,-0.09001000000000658
Over the last month,-0.09001000000000658
in testing that will allow us to have over 150 million rapid point,0.009990000000016153
of care,0.009990000000016153
in less than 15 minutes,0.009990000000016153
on nursing,0.009990000000016153
that serve high risk,0.0599899999999991
of care,0.0599899999999991
of vaccines,0.0599899999999991
that nobody,0.01000999999999408
in some cases,0.01000999999999408
in a matter,0.01000999999999408
in record,0.01000999999999408
on left-wing political violence,-0.07999999999998408
Under my administration,-0.07999999999998408
with state,-0.07999999999998408
over the country,-0.07999999999998408
through hours,-0.07999999999998408
of video,-0.07999999999998408
with a report,-0.07999999999998408
of people,-0.03300000000001546
in various cities,-0.03300000000001546
in all cases,-0.03300000000001546
without really much of a consent,-0.03300000000001546
as an example,0.03999999999999204
in approximately one hour,0.03999999999999204
for political reasons,0.03999999999999204
for him to have a city,0.03999999999999204
for 94 days,0.03999999999999204
under siege,0.03999999999999204
for years,0.03999999999999204
of violence,0.019990000000007058
of crime,0.019990000000007058
of Justice are announcing a joint operation,0.019990000000007058
in that one city,-0.009990000000016153
of violence,-0.009990000000016153
by the Joe Biden party,-0.009990000000016153
If you take a look,-0.009990000000016153
in the country,-0.009990000000016153
by dangers,0.20001999999999498
from far-left politicians,0.20001999999999498
on purpose,-0.09002000000000976
about America that you hear about the…,0.06999999999999318
from people,-0.04001000000002364
in any event,-0.04001000000002364
under control,-0.04001000000002364
on Thursday night,-0.04001000000002364
from all over the world,-0.01500000000001478
in terms,-0.03249999999999886
for our nation,0.06998999999999
on point,0.026289999999988822
after point,0.026289999999988822
after point,0.026289999999988822
about those on the right,0.026289999999988822
about those on the left,0.026289999999988822
on the left,0.026289999999988822
on the side,0.019990000000007058
of the radical left,0.019990000000007058
in those Democrat-run areas,0.019990000000007058
For months,0.019990000000007058
that these were peaceful protests,0.019990000000007058
at the agitators,-0.05001000000001454
at the looters,-0.05001000000001454
at the rioters,-0.05001000000001454
behind the reporter,-0.05001000000001454
at least the governor,-0.13000000000002387
of things,-0.13000000000002387
out of jail,0.03999999999999204
for the mayhem,0.03999999999999204
on the backs,0.03999999999999204
of the police,0.03999999999999204
on law,0.03999999999999204
in this country,0.03999999999999204
without law,0.03999999999999204
If you give the radical left,-0.020010000000013406
in the Democrat-run cities,-0.020010000000013406
in this country,-0.020010000000013406
If they have that power,-0.020010000000013406
in this country,-0.020010000000013406
with the rule,0.009989999999987731
out of the Obama administration,0.009989999999987731
as a result,0.009989999999987731
of left-wing indoctrination,0.009989999999987731
in our nation,0.009989999999987731
about America being a wicked nation,0.010010000000022501
by racism,0.010010000000022501
while refusing to say one word,0.010010000000022501
about the violence,0.010010000000022501
So they essentially took the word,-0.05000999999998612
out of anything,0.040009999999995216
out of anything,0.040009999999995216
that violence,0.040009999999995216
in American political discourse,0.040009999999995216
on police,0.04001000000002364
out of control,0.04001000000002364
on common American values,-0.09999999999999432
in our nation,-0.09999999999999432
in fact,-0.09999999999999432
for whatever reason,-0.09999999999999432
At the same time,-0.05000000000001137
for anarchy,-0.05000000000001137
for violence,-0.05000000000001137
of Antifa is to spread terror,-0.2900099999999952
with a goal,-0.2900099999999952
of getting Americans to give up to their agenda,-0.2900099999999952
In fact,-0.009989999999987731
of a country,-0.009989999999987731
If you give violent extremists,-0.13999999999998636
of our nation,-0.13999999999998636
by the way,-0.13999999999998636
of time,-0.13999999999998636
that it was problems,-0.08001000000001568
under this mayor,-0.08001000000001568
over every lever,0.06850000000000023
of power,0.06850000000000023
in the United States government,0.06850000000000023
in all cases,-0.14498999999997864
at so many different places,0.12000000000000455
down the list,0.12000000000000455
because if the mob,0.12000000000000455
